-- Generated from CSV files in C:\Users\gatit\Desktop\CSV FOLDER
SET FOREIGN_KEY_CHECKS = 0;

INSERT INTO users (user_id, name, email, role, password_hash)
VALUES
('1', 'Brian Mwangi', 'brian.mwangi@gmail.com', 'owner', '$2y$10$CmtT80V/m4mVsEZ9er6FoODSyPQ/ak20WMYsQELaQRtFHCFEd0HVq'),
('2', 'Faith Wanjiku', 'faith.wanjiku@gmail.com', 'owner', '$2y$10$xzwcdSV6UvDrom56usNfme2t8gvg1l5V7tLrkyvxTfVhvfxrPDTpC'),
('3', 'Kevin Kiptoo', 'kevin.kiptoo@gmail.com', 'owner', '$2y$10$a1qWbSLOmNoOQxaJP990u.OOobYB6kwg7BPq8W8lKlMy9ATpxT2DC'),
('4', 'Sharon Njeri', 'sharon.njeri@gmail.com', 'owner', '$2y$10$gnIvSHMeS18QtnigJZdEc..iHi.ccvXI/YJVKQt4TCrc2qmSJwNYK'),
('5', 'Allan Otieno', 'allan.otieno@gmail.com', 'owner', '$2y$10$2UlvlENrnaQP.mtnVZVadO24MEdnn3eAM5ta2KTwKi8G08HYhdAUK'),
('6', 'Mercy Mutua', 'mercy.mutua@gmail.com', 'owner', '$2y$10$W/KIqgMqPd6OgqCfn8izueX1Z94iXKyhWO.apGyzMmB03AWYqmHoq'),
('7', 'Dennis Kamau', 'dennis.kamau@gmail.com', 'owner', '$2y$10$PWVxcg4qYxLIgB2JFlEy0OyeQDrCF.uznRLb1SnytuRKX2HTJyaCi'),
('8', 'Purity Wambui', 'purity.wambui@gmail.com', 'owner', '$2y$10$xqBIi3OPAH5GQCtd4Sfsa..OdgSmtyXCRHV8KwXyx5GaV9auYFGZq'),
('9', 'Evans Achieng', 'evans.achieng@gmail.com', 'owner', '$2y$10$02Kf5RGG9disaNTaTuvNauB0Ri1Z/T2zQvDES/pG8vmNJsmXsHTC6'),
('10', 'Lilian Kariuki', 'lilian.kariuki@gmail.com', 'owner', '$2y$10$0ErXyp9xsv4jx1vTqKI1Suq8JZrfhdeg.g9L9Ph4VGi4JOSzyJKQu'),
('11', 'Victor Mwangi', 'victor.mwangi@gmail.com', 'owner', '$2y$10$WOc2pdw5YqOZCPbZoAi.jOX3EMG7gzVO2BSLaU92OauJuR6Y0EzDK'),
('12', 'Winnie Wanjiku', 'winnie.wanjiku@gmail.com', 'owner', '$2y$10$9eOKQZABSuEikOG5FX/wqe0o06u6tGbm2fCk/gy9E694Hmk2pH7yu'),
('13', 'James Kiptoo', 'james.kiptoo@gmail.com', 'owner', '$2y$10$dtxScIYrrW6fGkWDHjIshud8D48sQV0j7e/9MjsSw8y74/FQCGTTe'),
('14', 'Brenda Njeri', 'brenda.njeri@gmail.com', 'owner', '$2y$10$jDvHq2y5bviohfgLLbHyUeocLgoAGhhkAYCPp9Rp8JDKAPRohZDrq'),
('15', 'Kelvin Otieno', 'kelvin.otieno@gmail.com', 'owner', '$2y$10$cax5MhUx/avbmX4fKyXi9eWzKdJfOFoNnLNz/JcoS7FQZ6He2/vES'),
('16', 'Diana Mutua', 'diana.mutua@gmail.com', 'owner', '$2y$10$sDKQvu.l7m3KvFfz9j5LLeYMwXVRyWmL7L696bsabudqzGRLxEGZO'),
('17', 'Eric Kamau', 'eric.kamau@gmail.com', 'owner', '$2y$10$U.dDGkfpbefh.o/cwx3Phu51gimhhHyALihhMUFhyqZiao/sYTSZ.'),
('18', 'Joy Wambui', 'joy.wambui@gmail.com', 'owner', '$2y$10$4xaPJSt58GWWLXSkFdPvqu1Bo44A7GUh3GqDqXj4RKWfXGNTmu.NS'),
('19', 'Martin Achieng', 'martin.achieng@gmail.com', 'owner', '$2y$10$zPakoygPvubKSbu4Ah2LlOUFQUEWQNlUq31h2pvwyJ5y8fVpS7wuu'),
('20', 'Naomi Kariuki', 'naomi.kariuki@gmail.com', 'owner', '$2y$10$b1aBLURU4WhRlt430CWHMeem3DtAA5LAsZoNdxrr44Km8QPZvK1Me'),
('21', 'Paul Mwangi', 'paul.mwangi@gmail.com', 'owner', '$2y$10$iP3OsTNgCBXuC7Q7MH5K7Oig0gGSLlnlMGb/2.HVZx/iPmARU.djG'),
('22', 'Ruth Wanjiku', 'ruth.wanjiku@gmail.com', 'owner', '$2y$10$PYmD/5F/NYc4kYBZH69BFeU2LsHRisQSnT2cXia5VypAB.MTVfh/y'),
('23', 'Samuel Kiptoo', 'samuel.kiptoo@gmail.com', 'owner', '$2y$10$HyABsF4Te9.qeaHduRouUuEhVDutNz8rbTpYNXgPrS2R9NVPOKI36'),
('24', 'Esther Njeri', 'esther.njeri@gmail.com', 'owner', '$2y$10$9MAGY/.3FFnhf0YnHxz3cutEuAPIOCFoPFTo9R0XkTK3y9Rgni.ae'),
('25', 'Daniel Otieno', 'daniel.otieno@gmail.com', 'owner', '$2y$10$pI4XRE0LrG1d4jFKEr0fZejHIvCQpYARxwyvUjWkqWbuUnEHXHGxm'),
('26', 'Lucy Mutua', 'lucy.mutua@gmail.com', 'owner', '$2y$10$jHHKNvoiqPyuGqLI7bftvubjuPF2QskX/V06ufJCcu2IeD6mINKEa'),
('27', 'George Kamau', 'george.kamau@gmail.com', 'owner', '$2y$10$4ABKEvMbPDkcOU3UVkHzcOw9cMTiHJ5Lfwde96toeE9e0V74IeBtW'),
('28', 'Irene Wambui', 'irene.wambui@gmail.com', 'owner', '$2y$10$Gs4wdlHVG6Cr1lJh4QMx2eaKr7/07ePCxtiwDIAXX6JxsNg4S81di'),
('29', 'David Achieng', 'david.achieng@gmail.com', 'owner', '$2y$10$EdG63kbZH8BXoFZ94tzF3ONitvwLyPATmcYaQd34q07VKAwlhqeDC'),
('30', 'Cynthia Kariuki', 'cynthia.kariuki@gmail.com', 'owner', '$2y$10$Jf61uAIfa.OPeTpjCny7r.tBfQCWaBUNNVRfFkWtfQHpaf6r4ciVa'),
('31', 'Peter Mwangi', 'peter.mwangi@gmail.com', 'owner', '$2y$10$7XOLEiCMDcBLKrlVuSkbUuxDl6H4RNX2Y7Dn87kudN6i.xSMSEVSW'),
('32', 'Grace Wanjiku', 'grace.wanjiku@gmail.com', 'owner', '$2y$10$HbPt7zzIFtE3TdYwyzTSbu2MRD25hpAkKbYD7xqt6JyRlBCnNU8M2'),
('33', 'John Kiptoo', 'john.kiptoo@gmail.com', 'owner', '$2y$10$eJpj5TemAQf/1KCH6wa03uwyUOcHukVy2/HKXNCF4xs6F3gjSvE6m'),
('34', 'Mary Njeri', 'mary.njeri@gmail.com', 'owner', '$2y$10$4m35DCWMiK.USN9N15V1P.V1xQ0sUYGojCdpNVbbSVTsELXbvLoW6'),
('35', 'Joseph Otieno', 'joseph.otieno@gmail.com', 'owner', '$2y$10$XlzWd7l1jczLD9JWdtUY2en/WS9mvMag7UCtX.TN4ynIayDc8RWO6'),
('36', 'Ann Mutua', 'ann.mutua@gmail.com', 'owner', '$2y$10$KUBwsLoa/AZiVr/ZxpTXs.Nb1zqnsyGlDssQvTRa6DLCNmnLtm/nG'),
('37', 'Patrick Kamau', 'patrick.kamau@gmail.com', 'owner', '$2y$10$byCocl82AnEmvQIejZ7c2ObrIg0nc23OpQ6ArX2HoPNbo7cW21HE.'),
('38', 'Janet Wambui', 'janet.wambui@gmail.com', 'owner', '$2y$10$HcXmPl1szlusWggirtS84.auzWFeaygzKhdShp.bKFUoCPs0Me4ee'),
('39', 'Collins Achieng', 'collins.achieng@gmail.com', 'owner', '$2y$10$342gLsvPRqayQVIpGI/atOxq48lACQSMYlkPvnKOpEQoznY7gR4T.'),
('40', 'Beatrice Kariuki', 'beatrice.kariuki@gmail.com', 'owner', '$2y$10$uGj96Y3iNzi605LrgdXtPuq2sDvzdg9YRGgW47A0nw6MOItiruX3e'),
('41', 'Michael Mwangi', 'michael.mwangi@gmail.com', 'owner', '$2y$10$eEJcscBQ5dTIeY4R1VA7BuTtd3bSTe/AgCqm3u7dcHA1pm951Y2He'),
('42', 'Eunice Wanjiku', 'eunice.wanjiku@gmail.com', 'owner', '$2y$10$iVdYkHrDyN1Fdpw.rVdJW.B11R6Z1Qmj6gUXryEzzvl49jnFHCnoy'),
('43', 'Andrew Kiptoo', 'andrew.kiptoo@gmail.com', 'owner', '$2y$10$P0E0aNslFlVutCiMRrQlNOrR/21o7cYhV.kC2GbxXMqAWu6hyLsyW'),
('44', 'Caroline Njeri', 'caroline.njeri@gmail.com', 'owner', '$2y$10$V9ARlToC21P9GdNHKh4vKeLhNZmEbvCtujXsCPMFfAkbZCk25V9DG'),
('45', 'Fredrick Otieno', 'fredrick.otieno@gmail.com', 'owner', '$2y$10$vLarIkZS.pDHSYRozfNr6erxfEBe4vV6aqjiYGXry.fCq.EFwNA3m'),
('46', 'Susan Mutua', 'susan.mutua@gmail.com', 'owner', '$2y$10$EgaFnRC.UHfLzM83eOh/seqOL.6o/lNWTHn/pLLWfBorbJLdYPNqe'),
('47', 'Mark Kamau', 'mark.kamau@gmail.com', 'owner', '$2y$10$LuEnE49IQMn9wdPICzkgIeH3Fum5Ox.9DQ4NO0tqKtv9P8ek7rQeK'),
('48', 'Judith Wambui', 'judith.wambui@gmail.com', 'owner', '$2y$10$ur4Rn7un0jZmhhKN4jyDYetWU26S3azcP5nr33iUPAXXLhZGRwgmK'),
('49', 'Stephen Achieng', 'stephen.achieng@gmail.com', 'owner', '$2y$10$.slaZ2AyhgUcRX5O3qFukOM622CaeqVVbm0SW3FwPbWtiJO03lbEW'),
('50', 'Angela Kariuki', 'angela.kariuki@gmail.com', 'owner', '$2y$10$L1bKGdO.b4wuly9fNRT2Wu3B2APQNIR5bmCK82h55j.EfwpQDyxf2'),
('51', 'Peter Kamau', 'officer1@compliance.go.ke', 'officer', '$2y$10$QK6AyqP2dWnKTcEFmBJCwOdK1Wr7fDqV1W6N/wGFGVMLIFWa0mjOe'),
('52', 'Jane Wambui', 'officer2@compliance.go.ke', 'officer', '$2y$10$98K0Pjkd/rbMfMPzlkzJiumiaE5K4FLC2lDfqn13CkG1T6oQpK5ui'),
('53', 'Grace Njeri', 'admin@compliance.go.ke', 'admin', '$2y$10$SL1slsKMr2REC3k1esIXq.qFSOjzyk8KE.LVaZdaryEiBG2njQBSi')
ON DUPLICATE KEY UPDATE
    name = VALUES(name),
    email = VALUES(email),
    role = VALUES(role),
    password_hash = VALUES(password_hash);

UPDATE users
SET staff_id = CASE user_id
    WHEN 51 THEN 'OFF-001'
    WHEN 52 THEN 'OFF-002'
    WHEN 53 THEN 'ADM-001'
    ELSE staff_id
END
WHERE user_id IN (51, 52, 53);

INSERT INTO vehicles (vehicle_id, owner_id, plate_number, make, model, year, inspection_status, inspection_checked_at)
VALUES
('1', '1', 'KDB 101D', 'Toyota', 'Premio', '2016', 'Pending Police Check', NULL),
('2', '2', 'KDC 102G', 'Mazda', 'CX-5', '2019', 'Pending Police Check', NULL),
('3', '3', 'KDD 103J', 'Mazda', 'Demio', '2018', 'Pending Police Check', NULL),
('4', '4', 'KDE 104M', 'Toyota', 'Premio', '2024', 'Pending Police Check', NULL),
('5', '5', 'KDF 105P', 'Toyota', 'Premio', '2022', 'Pending Police Check', NULL),
('6', '6', 'KDG 106S', 'Toyota', 'Axio', '2016', 'Pending Police Check', NULL),
('7', '7', 'KDH 107V', 'Toyota', 'Premio', '2019', 'Pending Police Check', NULL),
('8', '8', 'KDI 108Y', 'Mazda', 'Demio', '2024', 'Pending Police Check', NULL),
('9', '9', 'KDJ 109B', 'Subaru', 'Impreza', '2016', 'Pending Police Check', NULL),
('10', '10', 'KDK 110E', 'Nissan', 'X-Trail', '2019', 'Pending Police Check', NULL),
('11', '11', 'KDL 111H', 'Nissan', 'X-Trail', '2022', 'Pending Police Check', NULL),
('12', '12', 'KDM 112K', 'Mazda', 'Demio', '2023', 'Pending Police Check', NULL),
('13', '13', 'KDN 113N', 'Subaru', 'Impreza', '2020', 'Pending Police Check', NULL),
('14', '14', 'KDO 114Q', 'Toyota', 'Axio', '2018', 'Pending Police Check', NULL),
('15', '15', 'KDP 115T', 'Honda', 'CR-V', '2021', 'Pending Police Check', NULL),
('16', '16', 'KDQ 116W', 'Mazda', 'CX-5', '2018', 'Pending Police Check', NULL),
('17', '17', 'KDR 117Z', 'Mazda', 'Demio', '2021', 'Pending Police Check', NULL),
('18', '18', 'KDS 118C', 'Toyota', 'Premio', '2017', 'Pending Police Check', NULL),
('19', '19', 'KDT 119F', 'Honda', 'CR-V', '2017', 'Pending Police Check', NULL),
('20', '20', 'KDU 120I', 'Honda', 'Fit', '2021', 'Pending Police Check', NULL),
('21', '21', 'KDV 121L', 'Subaru', 'Impreza', '2020', 'Pending Police Check', NULL),
('22', '22', 'KDW 122O', 'Toyota', 'Axio', '2023', 'Pending Police Check', NULL),
('23', '23', 'KDX 123R', 'Nissan', 'X-Trail', '2017', 'Pending Police Check', NULL),
('24', '24', 'KDY 124U', 'Honda', 'CR-V', '2017', 'Pending Police Check', NULL),
('25', '25', 'KDZ 125X', 'Nissan', 'X-Trail', '2020', 'Pending Police Check', NULL),
('26', '26', 'KDA 126A', 'Subaru', 'Impreza', '2021', 'Pending Police Check', NULL),
('27', '27', 'KDB 127D', 'Subaru', 'Impreza', '2019', 'Pending Police Check', NULL),
('28', '28', 'KDC 128G', 'Toyota', 'Premio', '2016', 'Pending Police Check', NULL),
('29', '29', 'KDD 129J', 'Mazda', 'Demio', '2020', 'Pending Police Check', NULL),
('30', '30', 'KDE 130M', 'Toyota', 'Premio', '2019', 'Pending Police Check', NULL),
('31', '31', 'KDF 131P', 'Toyota', 'Premio', '2022', 'Pending Police Check', NULL),
('32', '32', 'KDG 132S', 'Mazda', 'CX-5', '2023', 'Pending Police Check', NULL),
('33', '33', 'KDH 133V', 'Honda', 'Fit', '2018', 'Pending Police Check', NULL),
('34', '34', 'KDI 134Y', 'Honda', 'Fit', '2021', 'Pending Police Check', NULL),
('35', '35', 'KDJ 135B', 'Mazda', 'Demio', '2020', 'Pending Police Check', NULL),
('36', '36', 'KDK 136E', 'Toyota', 'Premio', '2018', 'Pending Police Check', NULL),
('37', '37', 'KDL 137H', 'Nissan', 'X-Trail', '2019', 'Pending Police Check', NULL),
('38', '38', 'KDM 138K', 'Toyota', 'Vitz', '2023', 'Pending Police Check', NULL),
('39', '39', 'KDN 139N', 'Honda', 'CR-V', '2020', 'Pending Police Check', NULL),
('40', '40', 'KDO 140Q', 'Nissan', 'X-Trail', '2019', 'Pending Police Check', NULL),
('41', '41', 'KDP 141T', 'Honda', 'Fit', '2016', 'Pending Police Check', NULL),
('42', '42', 'KDQ 142W', 'Mazda', 'Demio', '2016', 'Pending Police Check', NULL),
('43', '43', 'KDR 143Z', 'Honda', 'Fit', '2022', 'Pending Police Check', NULL),
('44', '44', 'KDS 144C', 'Mazda', 'CX-5', '2017', 'Pending Police Check', NULL),
('45', '45', 'KDT 145F', 'Mazda', 'Demio', '2021', 'Pending Police Check', NULL),
('46', '46', 'KDU 146I', 'Mazda', 'Demio', '2023', 'Pending Police Check', NULL),
('47', '47', 'KDV 147L', 'Honda', 'CR-V', '2023', 'Pending Police Check', NULL),
('48', '48', 'KDW 148O', 'Toyota', 'Vitz', '2020', 'Pending Police Check', NULL),
('49', '49', 'KDX 149R', 'Toyota', 'Vitz', '2019', 'Pending Police Check', NULL),
('50', '50', 'KDY 150U', 'Nissan', 'X-Trail', '2024', 'Pending Police Check', NULL),
('51', '1', 'KDZ 151X', 'Mazda', 'CX-5', '2022', 'Pending Police Check', NULL),
('52', '2', 'KDA 152A', 'Subaru', 'Impreza', '2022', 'Pending Police Check', NULL),
('53', '3', 'KDB 153D', 'Honda', 'Fit', '2019', 'Pending Police Check', NULL),
('54', '4', 'KDC 154G', 'Toyota', 'Vitz', '2024', 'Pending Police Check', NULL),
('55', '5', 'KDD 155J', 'Nissan', 'Note', '2017', 'Pending Police Check', NULL),
('56', '6', 'KDE 156M', 'Toyota', 'Axio', '2017', 'Pending Police Check', NULL),
('57', '7', 'KDF 157P', 'Toyota', 'Vitz', '2018', 'Pending Police Check', NULL),
('58', '8', 'KDG 158S', 'Honda', 'CR-V', '2017', 'Pending Police Check', NULL),
('59', '9', 'KDH 159V', 'Honda', 'CR-V', '2022', 'Pending Police Check', NULL),
('60', '10', 'KDI 160Y', 'Subaru', 'Impreza', '2023', 'Pending Police Check', NULL),
('61', '11', 'KDJ 161B', 'Nissan', 'X-Trail', '2020', 'Pending Police Check', NULL),
('62', '12', 'KDK 162E', 'Nissan', 'X-Trail', '2016', 'Pending Police Check', NULL),
('63', '13', 'KDL 163H', 'Toyota', 'Premio', '2024', 'Pending Police Check', NULL),
('64', '14', 'KDM 164K', 'Mazda', 'CX-5', '2021', 'Pending Police Check', NULL),
('65', '15', 'KDN 165N', 'Toyota', 'Premio', '2020', 'Pending Police Check', NULL),
('66', '16', 'KDO 166Q', 'Honda', 'CR-V', '2018', 'Pending Police Check', NULL),
('67', '17', 'KDP 167T', 'Nissan', 'Note', '2016', 'Pending Police Check', NULL),
('68', '18', 'KDQ 168W', 'Mazda', 'CX-5', '2024', 'Pending Police Check', NULL),
('69', '19', 'KDR 169Z', 'Toyota', 'Vitz', '2024', 'Pending Police Check', NULL),
('70', '20', 'KDS 170C', 'Toyota', 'Premio', '2020', 'Pending Police Check', NULL),
('71', '21', 'KDT 171F', 'Nissan', 'X-Trail', '2019', 'Pending Police Check', NULL),
('72', '22', 'KDU 172I', 'Toyota', 'Vitz', '2021', 'Pending Police Check', NULL),
('73', '23', 'KDV 173L', 'Toyota', 'Vitz', '2024', 'Pending Police Check', NULL),
('74', '24', 'KDW 174O', 'Nissan', 'X-Trail', '2016', 'Pending Police Check', NULL),
('75', '25', 'KDX 175R', 'Subaru', 'Impreza', '2021', 'Pending Police Check', NULL),
('76', '26', 'KDY 176U', 'Nissan', 'Note', '2016', 'Pending Police Check', NULL),
('77', '27', 'KDZ 177X', 'Toyota', 'Premio', '2021', 'Pending Police Check', NULL),
('78', '28', 'KDA 178A', 'Mazda', 'CX-5', '2019', 'Pending Police Check', NULL),
('79', '29', 'KDB 179D', 'Toyota', 'Axio', '2019', 'Pending Police Check', NULL),
('80', '30', 'KDC 180G', 'Subaru', 'Impreza', '2017', 'Pending Police Check', NULL),
('81', '31', 'KDD 181J', 'Toyota', 'Premio', '2023', 'Pending Police Check', NULL),
('82', '32', 'KDE 182M', 'Toyota', 'Premio', '2024', 'Pending Police Check', NULL),
('83', '33', 'KDF 183P', 'Toyota', 'Vitz', '2018', 'Pending Police Check', NULL),
('84', '34', 'KDG 184S', 'Nissan', 'Note', '2024', 'Pending Police Check', NULL),
('85', '35', 'KDH 185V', 'Toyota', 'Vitz', '2020', 'Pending Police Check', NULL),
('86', '36', 'KDI 186Y', 'Nissan', 'X-Trail', '2022', 'Pending Police Check', NULL),
('87', '37', 'KDJ 187B', 'Mazda', 'Demio', '2024', 'Pending Police Check', NULL),
('88', '38', 'KDK 188E', 'Mazda', 'Demio', '2020', 'Pending Police Check', NULL),
('89', '39', 'KDL 189H', 'Honda', 'CR-V', '2021', 'Pending Police Check', NULL),
('90', '40', 'KDM 190K', 'Nissan', 'Note', '2024', 'Pending Police Check', NULL),
('91', '41', 'KDN 191N', 'Nissan', 'Note', '2017', 'Pending Police Check', NULL),
('92', '42', 'KDO 192Q', 'Mazda', 'Demio', '2019', 'Pending Police Check', NULL),
('93', '43', 'KDP 193T', 'Toyota', 'Premio', '2021', 'Pending Police Check', NULL),
('94', '44', 'KDQ 194W', 'Toyota', 'Axio', '2024', 'Pending Police Check', NULL),
('95', '45', 'KDR 195Z', 'Mazda', 'Demio', '2019', 'Pending Police Check', NULL),
('96', '46', 'KDS 196C', 'Toyota', 'Axio', '2017', 'Pending Police Check', NULL),
('97', '47', 'KDT 197F', 'Toyota', 'Axio', '2019', 'Pending Police Check', NULL),
('98', '48', 'KDU 198I', 'Toyota', 'Premio', '2016', 'Pending Police Check', NULL),
('99', '49', 'KDV 199L', 'Honda', 'Fit', '2017', 'Pending Police Check', NULL),
('100', '50', 'KDW 200O', 'Nissan', 'X-Trail', '2019', 'Pending Police Check', NULL)
ON DUPLICATE KEY UPDATE
    owner_id = VALUES(owner_id),
    plate_number = VALUES(plate_number),
    make = VALUES(make),
    model = VALUES(model),
    year = VALUES(year),
    inspection_status = VALUES(inspection_status),
    inspection_checked_at = VALUES(inspection_checked_at);

INSERT INTO compliance_records (compliance_id, vehicle_id, insurance_expiry, insurance_status, licence_expiry, licence_status, registration_expiry, registration_status)
VALUES
('1', '1', '2026-09-29', 'Valid', '2027-11-03', 'Valid', '2027-04-29', 'Valid'),
('2', '2', '2026-07-25', 'Valid', '2027-06-23', 'Valid', '2026-05-02', 'Expired'),
('3', '3', '2027-07-25', 'Valid', '2027-07-31', 'Valid', '2027-04-16', 'Valid'),
('4', '4', '2026-08-23', 'Valid', '2028-02-29', 'Valid', '2027-04-16', 'Valid'),
('5', '5', '2027-02-07', 'Valid', '2026-06-30', 'Valid', '2026-03-24', 'Expired'),
('6', '6', '2026-03-27', 'Expired', '2027-10-23', 'Valid', '2027-03-04', 'Valid'),
('7', '7', '2026-12-15', 'Valid', '2027-02-24', 'Valid', '2027-02-11', 'Valid'),
('8', '8', '2027-04-10', 'Valid', '2028-01-03', 'Valid', '2026-02-11', 'Expired'),
('9', '9', '2027-10-18', 'Valid', '2027-10-10', 'Valid', '2026-03-28', 'Expired'),
('10', '10', '2026-02-18', 'Expired', '2027-02-03', 'Valid', '2026-11-30', 'Valid'),
('11', '11', '2026-04-08', 'Expired', '2026-08-29', 'Valid', '2026-07-02', 'Valid'),
('12', '12', '2026-06-30', 'Valid', '2027-06-20', 'Valid', '2027-03-22', 'Valid'),
('13', '13', '2026-05-10', 'Expired', '2027-02-23', 'Valid', '2026-06-23', 'Valid'),
('14', '14', '2026-09-29', 'Valid', '2027-04-05', 'Valid', '2026-08-30', 'Valid'),
('15', '15', '2026-03-05', 'Expired', '2027-03-16', 'Valid', '2027-07-04', 'Valid'),
('16', '16', '2026-03-28', 'Expired', '2026-02-07', 'Expired', '2027-10-16', 'Valid'),
('17', '17', '2027-06-24', 'Valid', '2028-04-22', 'Valid', '2026-01-02', 'Expired'),
('18', '18', '2026-03-23', 'Expired', '2028-01-28', 'Valid', '2026-08-17', 'Valid'),
('19', '19', '2026-06-06', 'Expired', '2027-02-07', 'Valid', '2027-04-29', 'Valid'),
('20', '20', '2027-04-24', 'Valid', '2026-07-24', 'Valid', '2027-02-01', 'Valid'),
('21', '21', '2026-02-16', 'Expired', '2026-06-04', 'Expired', '2027-01-10', 'Valid'),
('22', '22', '2025-12-20', 'Expired', '2027-01-21', 'Valid', '2026-09-15', 'Valid'),
('23', '23', '2027-03-28', 'Valid', '2026-10-06', 'Valid', '2027-02-24', 'Valid'),
('24', '24', '2027-07-10', 'Valid', '2027-10-26', 'Valid', '2027-04-30', 'Valid'),
('25', '25', '2026-05-25', 'Expired', '2026-06-30', 'Valid', '2026-10-17', 'Valid'),
('26', '26', '2026-07-28', 'Valid', '2026-02-15', 'Expired', '2027-08-03', 'Valid'),
('27', '27', '2027-06-26', 'Valid', '2026-02-18', 'Expired', '2026-11-04', 'Valid'),
('28', '28', '2026-02-14', 'Expired', '2026-02-07', 'Expired', '2027-08-08', 'Valid'),
('29', '29', '2027-04-20', 'Valid', '2027-05-16', 'Valid', '2027-06-14', 'Valid'),
('30', '30', '2026-05-28', 'Expired', '2026-02-14', 'Expired', '2027-05-22', 'Valid'),
('31', '31', '2026-03-10', 'Expired', '2028-05-07', 'Valid', '2026-06-26', 'Valid'),
('32', '32', '2026-02-26', 'Expired', '2027-08-19', 'Valid', '2026-02-25', 'Expired'),
('33', '33', '2026-08-15', 'Valid', '2027-02-04', 'Valid', '2026-04-19', 'Expired'),
('34', '34', '2027-07-24', 'Valid', '2026-08-27', 'Valid', '2027-08-02', 'Valid'),
('35', '35', '2027-08-18', 'Valid', '2026-01-27', 'Expired', '2027-09-13', 'Valid'),
('36', '36', '2026-03-11', 'Expired', '2027-02-20', 'Valid', '2027-10-22', 'Valid'),
('37', '37', '2027-08-07', 'Valid', '2027-07-19', 'Valid', '2027-06-06', 'Valid'),
('38', '38', '2026-11-06', 'Valid', '2026-09-11', 'Valid', '2026-07-15', 'Valid'),
('39', '39', '2026-11-04', 'Valid', '2026-08-19', 'Valid', '2026-09-15', 'Valid'),
('40', '40', '2027-01-27', 'Valid', '2026-05-01', 'Expired', '2027-10-09', 'Valid'),
('41', '41', '2026-10-21', 'Valid', '2027-03-31', 'Valid', '2026-11-06', 'Valid'),
('42', '42', '2026-03-02', 'Expired', '2025-12-27', 'Expired', '2027-04-01', 'Valid'),
('43', '43', '2027-09-15', 'Valid', '2027-07-17', 'Valid', '2026-03-30', 'Expired'),
('44', '44', '2026-03-03', 'Expired', '2027-06-21', 'Valid', '2026-07-24', 'Valid'),
('45', '45', '2027-05-20', 'Valid', '2026-09-15', 'Valid', '2026-05-02', 'Expired'),
('46', '46', '2026-12-10', 'Valid', '2026-02-26', 'Expired', '2026-08-25', 'Valid'),
('47', '47', '2026-12-31', 'Valid', '2026-10-05', 'Valid', '2026-05-28', 'Expired'),
('48', '48', '2027-03-11', 'Valid', '2028-04-19', 'Valid', '2027-06-27', 'Valid'),
('49', '49', '2026-10-23', 'Valid', '2027-09-05', 'Valid', '2027-10-18', 'Valid'),
('50', '50', '2027-06-12', 'Valid', '2025-12-26', 'Expired', '2027-07-08', 'Valid'),
('51', '51', '2026-10-20', 'Valid', '2027-10-28', 'Valid', '2026-04-03', 'Expired'),
('52', '52', '2026-05-04', 'Expired', '2026-09-14', 'Valid', '2026-04-15', 'Expired'),
('53', '53', '2026-04-06', 'Expired', '2028-01-17', 'Valid', '2027-07-07', 'Valid'),
('54', '54', '2026-05-26', 'Expired', '2026-09-22', 'Valid', '2026-10-02', 'Valid'),
('55', '55', '2027-08-29', 'Valid', '2026-07-21', 'Valid', '2026-12-04', 'Valid'),
('56', '56', '2026-07-14', 'Valid', '2027-11-21', 'Valid', '2027-09-28', 'Valid'),
('57', '57', '2026-09-14', 'Valid', '2027-05-19', 'Valid', '2027-05-02', 'Valid'),
('58', '58', '2026-09-01', 'Valid', '2028-05-02', 'Valid', '2026-02-08', 'Expired'),
('59', '59', '2026-03-22', 'Expired', '2027-09-28', 'Valid', '2027-02-24', 'Valid'),
('60', '60', '2026-09-27', 'Valid', '2026-02-01', 'Expired', '2025-12-21', 'Expired'),
('61', '61', '2026-11-24', 'Valid', '2028-02-15', 'Valid', '2026-04-30', 'Expired'),
('62', '62', '2027-10-01', 'Valid', '2026-09-12', 'Valid', '2026-06-01', 'Expired'),
('63', '63', '2027-03-15', 'Valid', '2027-07-05', 'Valid', '2027-02-28', 'Valid'),
('64', '64', '2027-07-15', 'Valid', '2025-12-27', 'Expired', '2026-04-11', 'Expired'),
('65', '65', '2026-03-05', 'Expired', '2027-11-25', 'Valid', '2026-05-19', 'Expired'),
('66', '66', '2027-06-29', 'Valid', '2026-01-23', 'Expired', '2026-12-31', 'Valid'),
('67', '67', '2027-08-06', 'Valid', '2027-07-06', 'Valid', '2026-05-18', 'Expired'),
('68', '68', '2027-03-03', 'Valid', '2026-04-27', 'Expired', '2026-01-29', 'Expired'),
('69', '69', '2026-10-29', 'Valid', '2026-12-26', 'Valid', '2026-01-27', 'Expired'),
('70', '70', '2026-12-19', 'Valid', '2026-07-21', 'Valid', '2026-08-30', 'Valid'),
('71', '71', '2026-04-02', 'Expired', '2026-12-15', 'Valid', '2027-07-14', 'Valid'),
('72', '72', '2027-02-07', 'Valid', '2027-09-14', 'Valid', '2026-05-25', 'Expired'),
('73', '73', '2026-08-17', 'Valid', '2026-06-02', 'Expired', '2026-06-17', 'Valid'),
('74', '74', '2027-02-13', 'Valid', '2026-01-12', 'Expired', '2026-06-19', 'Valid'),
('75', '75', '2026-11-23', 'Valid', '2028-02-27', 'Valid', '2027-02-12', 'Valid'),
('76', '76', '2026-08-29', 'Valid', '2026-09-17', 'Valid', '2026-05-30', 'Expired'),
('77', '77', '2026-04-07', 'Expired', '2027-01-13', 'Valid', '2026-01-26', 'Expired'),
('78', '78', '2027-04-13', 'Valid', '2026-08-02', 'Valid', '2026-07-10', 'Valid'),
('79', '79', '2027-04-03', 'Valid', '2026-12-11', 'Valid', '2026-10-26', 'Valid'),
('80', '80', '2026-08-08', 'Valid', '2026-08-03', 'Valid', '2026-01-11', 'Expired'),
('81', '81', '2027-10-24', 'Valid', '2026-07-03', 'Valid', '2027-01-30', 'Valid'),
('82', '82', '2026-11-19', 'Valid', '2026-09-29', 'Valid', '2026-02-27', 'Expired'),
('83', '83', '2026-09-29', 'Valid', '2026-12-12', 'Valid', '2027-10-05', 'Valid'),
('84', '84', '2027-05-23', 'Valid', '2027-01-31', 'Valid', '2027-06-20', 'Valid'),
('85', '85', '2026-11-22', 'Valid', '2026-01-15', 'Expired', '2026-04-15', 'Expired'),
('86', '86', '2026-09-11', 'Valid', '2026-06-18', 'Valid', '2027-08-04', 'Valid'),
('87', '87', '2026-09-15', 'Valid', '2026-01-26', 'Expired', '2026-04-08', 'Expired'),
('88', '88', '2027-08-20', 'Valid', '2027-03-07', 'Valid', '2026-12-06', 'Valid'),
('89', '89', '2026-11-04', 'Valid', '2027-03-09', 'Valid', '2027-08-30', 'Valid'),
('90', '90', '2027-05-25', 'Valid', '2026-04-15', 'Expired', '2027-01-16', 'Valid'),
('91', '91', '2027-07-31', 'Valid', '2026-06-30', 'Valid', '2026-09-04', 'Valid'),
('92', '92', '2026-02-01', 'Expired', '2027-12-13', 'Valid', '2027-03-09', 'Valid'),
('93', '93', '2025-12-19', 'Expired', '2027-06-03', 'Valid', '2027-06-22', 'Valid'),
('94', '94', '2026-07-07', 'Valid', '2026-12-25', 'Valid', '2027-03-04', 'Valid'),
('95', '95', '2026-02-27', 'Expired', '2027-10-29', 'Valid', '2026-11-21', 'Valid'),
('96', '96', '2027-09-17', 'Valid', '2026-11-04', 'Valid', '2027-10-28', 'Valid'),
('97', '97', '2026-04-24', 'Expired', '2027-12-25', 'Valid', '2026-10-21', 'Valid'),
('98', '98', '2027-05-21', 'Valid', '2026-10-30', 'Valid', '2027-02-09', 'Valid'),
('99', '99', '2026-11-17', 'Valid', '2027-02-03', 'Valid', '2026-10-16', 'Valid'),
('100', '100', '2027-07-08', 'Valid', '2026-04-27', 'Expired', '2026-07-02', 'Valid')
ON DUPLICATE KEY UPDATE
    vehicle_id = VALUES(vehicle_id),
    insurance_expiry = VALUES(insurance_expiry),
    insurance_status = VALUES(insurance_status),
    licence_expiry = VALUES(licence_expiry),
    licence_status = VALUES(licence_status),
    registration_expiry = VALUES(registration_expiry),
    registration_status = VALUES(registration_status);

INSERT INTO service_records (service_id, vehicle_id, service_details, last_service_date, next_service_date)
VALUES
('1', '1', 'Diagnostics', '2025-10-24', '2026-04-22'),
('2', '2', 'Diagnostics', '2025-11-14', '2026-05-13'),
('3', '3', 'Tyre rotation', '2026-02-27', '2026-08-26'),
('4', '4', 'Full service', '2025-08-09', '2026-02-05'),
('5', '5', 'Tyre rotation', '2025-11-01', '2026-04-30'),
('6', '6', 'Full service', '2026-05-27', '2026-11-23'),
('7', '7', 'Brake inspection', '2026-01-01', '2026-06-30'),
('8', '8', 'Tyre rotation', '2025-10-19', '2026-04-17'),
('9', '9', 'Diagnostics', '2025-07-21', '2026-01-17'),
('10', '10', 'Engine tune-up', '2025-12-14', '2026-06-12'),
('11', '11', 'Engine tune-up', '2025-10-13', '2026-04-11'),
('12', '12', 'Brake inspection', '2025-06-16', '2025-12-13'),
('13', '13', 'Engine tune-up', '2025-09-08', '2026-03-07'),
('14', '14', 'Brake inspection', '2025-05-16', '2025-11-12'),
('15', '15', 'Oil change', '2025-06-24', '2025-12-21'),
('16', '16', 'Tyre rotation', '2026-01-02', '2026-07-01'),
('17', '17', 'Diagnostics', '2025-06-22', '2025-12-19'),
('18', '18', 'Full service', '2025-07-14', '2026-01-10'),
('19', '19', 'Brake inspection', '2026-04-10', '2026-10-07'),
('20', '20', 'Full service', '2025-06-17', '2025-12-14'),
('21', '21', 'Brake inspection', '2026-02-01', '2026-07-31'),
('22', '22', 'Oil change', '2026-03-13', '2026-09-09'),
('23', '23', 'Brake inspection', '2026-05-04', '2026-10-31'),
('24', '24', 'Tyre rotation', '2025-09-26', '2026-03-25'),
('25', '25', 'Engine tune-up', '2026-04-20', '2026-10-17'),
('26', '26', 'Diagnostics', '2025-10-27', '2026-04-25'),
('27', '27', 'Brake inspection', '2025-08-06', '2026-02-02'),
('28', '28', 'Diagnostics', '2025-05-25', '2025-11-21'),
('29', '29', 'Engine tune-up', '2025-11-12', '2026-05-11'),
('30', '30', 'Brake inspection', '2025-11-04', '2026-05-03'),
('31', '31', 'Diagnostics', '2026-03-13', '2026-09-09'),
('32', '32', 'Oil change', '2025-06-09', '2025-12-06'),
('33', '33', 'Engine tune-up', '2026-04-03', '2026-09-30'),
('34', '34', 'Brake inspection', '2026-02-04', '2026-08-03'),
('35', '35', 'Tyre rotation', '2025-06-05', '2025-12-02'),
('36', '36', 'Oil change', '2025-10-02', '2026-03-31'),
('37', '37', 'Brake inspection', '2025-08-15', '2026-02-11'),
('38', '38', 'Engine tune-up', '2026-03-26', '2026-09-22'),
('39', '39', 'Engine tune-up', '2026-03-20', '2026-09-16'),
('40', '40', 'Tyre rotation', '2025-06-20', '2025-12-17'),
('41', '41', 'Tyre rotation', '2025-08-14', '2026-02-10'),
('42', '42', 'Engine tune-up', '2025-12-16', '2026-06-14'),
('43', '43', 'Diagnostics', '2025-07-18', '2026-01-14'),
('44', '44', 'Engine tune-up', '2025-09-11', '2026-03-10'),
('45', '45', 'Engine tune-up', '2025-08-20', '2026-02-16'),
('46', '46', 'Diagnostics', '2026-03-07', '2026-09-03'),
('47', '47', 'Engine tune-up', '2025-09-26', '2026-03-25'),
('48', '48', 'Brake inspection', '2026-01-15', '2026-07-14'),
('49', '49', 'Full service', '2025-07-05', '2026-01-01'),
('50', '50', 'Engine tune-up', '2025-09-03', '2026-03-02'),
('51', '51', 'Brake inspection', '2025-07-11', '2026-01-07'),
('52', '52', 'Engine tune-up', '2026-01-07', '2026-07-06'),
('53', '53', 'Diagnostics', '2026-04-18', '2026-10-15'),
('54', '54', 'Brake inspection', '2026-01-01', '2026-06-30'),
('55', '55', 'Full service', '2026-01-08', '2026-07-07'),
('56', '56', 'Tyre rotation', '2025-12-15', '2026-06-13'),
('57', '57', 'Brake inspection', '2026-04-16', '2026-10-13'),
('58', '58', 'Brake inspection', '2026-03-11', '2026-09-07'),
('59', '59', 'Diagnostics', '2025-11-12', '2026-05-11'),
('60', '60', 'Diagnostics', '2026-03-10', '2026-09-06'),
('61', '61', 'Oil change', '2026-02-07', '2026-08-06'),
('62', '62', 'Engine tune-up', '2025-10-27', '2026-04-25'),
('63', '63', 'Tyre rotation', '2025-12-09', '2026-06-07'),
('64', '64', 'Engine tune-up', '2025-10-01', '2026-03-30'),
('65', '65', 'Brake inspection', '2026-04-26', '2026-10-23'),
('66', '66', 'Engine tune-up', '2025-10-24', '2026-04-22'),
('67', '67', 'Diagnostics', '2025-08-01', '2026-01-28'),
('68', '68', 'Tyre rotation', '2026-05-17', '2026-11-13'),
('69', '69', 'Engine tune-up', '2025-11-14', '2026-05-13'),
('70', '70', 'Full service', '2026-05-24', '2026-11-20'),
('71', '71', 'Engine tune-up', '2025-12-26', '2026-06-24'),
('72', '72', 'Tyre rotation', '2025-10-25', '2026-04-23'),
('73', '73', 'Tyre rotation', '2025-05-16', '2025-11-12'),
('74', '74', 'Brake inspection', '2025-07-23', '2026-01-19'),
('75', '75', 'Brake inspection', '2025-09-20', '2026-03-19'),
('76', '76', 'Engine tune-up', '2026-01-08', '2026-07-07'),
('77', '77', 'Oil change', '2025-09-21', '2026-03-20'),
('78', '78', 'Full service', '2025-11-09', '2026-05-08'),
('79', '79', 'Diagnostics', '2025-06-19', '2025-12-16'),
('80', '80', 'Diagnostics', '2025-11-01', '2026-04-30'),
('81', '81', 'Engine tune-up', '2026-03-04', '2026-08-31'),
('82', '82', 'Tyre rotation', '2026-03-23', '2026-09-19'),
('83', '83', 'Oil change', '2025-08-27', '2026-02-23'),
('84', '84', 'Tyre rotation', '2025-11-07', '2026-05-06'),
('85', '85', 'Diagnostics', '2025-08-12', '2026-02-08'),
('86', '86', 'Oil change', '2026-05-14', '2026-11-10'),
('87', '87', 'Engine tune-up', '2025-07-02', '2025-12-29'),
('88', '88', 'Engine tune-up', '2026-03-19', '2026-09-15'),
('89', '89', 'Oil change', '2026-02-23', '2026-08-22'),
('90', '90', 'Engine tune-up', '2026-01-14', '2026-07-13'),
('91', '91', 'Brake inspection', '2025-12-11', '2026-06-09'),
('92', '92', 'Full service', '2025-10-07', '2026-04-05'),
('93', '93', 'Engine tune-up', '2025-12-06', '2026-06-04'),
('94', '94', 'Engine tune-up', '2026-01-05', '2026-07-04'),
('95', '95', 'Oil change', '2026-01-18', '2026-07-17'),
('96', '96', 'Oil change', '2025-09-29', '2026-03-28'),
('97', '97', 'Oil change', '2025-08-24', '2026-02-20'),
('98', '98', 'Brake inspection', '2025-11-29', '2026-05-28'),
('99', '99', 'Oil change', '2025-06-29', '2025-12-26'),
('100', '100', 'Oil change', '2025-06-28', '2025-12-25')
ON DUPLICATE KEY UPDATE
    vehicle_id = VALUES(vehicle_id),
    service_details = VALUES(service_details),
    last_service_date = VALUES(last_service_date),
    next_service_date = VALUES(next_service_date);

INSERT INTO notifications (notification_id, user_id, notification_type, message, status, date_sent)
VALUES
('1', '16', 'Insurance', 'Insurance reminder for your vehicle', 'Unread', '2026-06-10'),
('2', '40', 'Insurance', 'Insurance reminder for your vehicle', 'Unread', '2026-06-12'),
('3', '9', 'Licence', 'Licence reminder for your vehicle', 'Unread', '2026-06-01'),
('4', '37', 'Insurance', 'Insurance reminder for your vehicle', 'Unread', '2026-05-17'),
('5', '30', 'Licence', 'Licence reminder for your vehicle', 'Unread', '2026-05-25'),
('6', '50', 'Registration', 'Registration reminder for your vehicle', 'Unread', '2026-06-05'),
('7', '39', 'Licence', 'Licence reminder for your vehicle', 'Unread', '2026-05-28'),
('8', '50', 'Insurance', 'Insurance reminder for your vehicle', 'Unread', '2026-05-21'),
('9', '20', 'Licence', 'Licence reminder for your vehicle', 'Unread', '2026-06-13'),
('10', '20', 'Insurance', 'Insurance reminder for your vehicle', 'Unread', '2026-05-29'),
('11', '26', 'Service', 'Service reminder for your vehicle', 'Unread', '2026-05-17'),
('12', '5', 'Licence', 'Licence reminder for your vehicle', 'Unread', '2026-05-29'),
('13', '7', 'Licence', 'Licence reminder for your vehicle', 'Unread', '2026-05-25'),
('14', '44', 'Registration', 'Registration reminder for your vehicle', 'Unread', '2026-05-28'),
('15', '37', 'Insurance', 'Insurance reminder for your vehicle', 'Unread', '2026-05-22'),
('16', '23', 'Insurance', 'Insurance reminder for your vehicle', 'Unread', '2026-05-30'),
('17', '43', 'Service', 'Service reminder for your vehicle', 'Unread', '2026-06-05'),
('18', '33', 'Insurance', 'Insurance reminder for your vehicle', 'Unread', '2026-05-27'),
('19', '1', 'Registration', 'Registration reminder for your vehicle', 'Unread', '2026-05-20'),
('20', '32', 'Service', 'Service reminder for your vehicle', 'Unread', '2026-06-13'),
('21', '24', 'Service', 'Service reminder for your vehicle', 'Unread', '2026-05-27'),
('22', '46', 'Service', 'Service reminder for your vehicle', 'Unread', '2026-06-12'),
('23', '12', 'Service', 'Service reminder for your vehicle', 'Unread', '2026-05-24'),
('24', '40', 'Registration', 'Registration reminder for your vehicle', 'Unread', '2026-05-22'),
('25', '30', 'Service', 'Service reminder for your vehicle', 'Unread', '2026-06-03'),
('26', '21', 'Registration', 'Registration reminder for your vehicle', 'Unread', '2026-05-20'),
('27', '6', 'Licence', 'Licence reminder for your vehicle', 'Unread', '2026-06-08'),
('28', '16', 'Service', 'Service reminder for your vehicle', 'Unread', '2026-05-23'),
('29', '37', 'Service', 'Service reminder for your vehicle', 'Unread', '2026-05-28'),
('30', '22', 'Service', 'Service reminder for your vehicle', 'Unread', '2026-06-16'),
('31', '21', 'Service', 'Service reminder for your vehicle', 'Unread', '2026-06-11'),
('32', '14', 'Service', 'Service reminder for your vehicle', 'Unread', '2026-06-05'),
('33', '22', 'Registration', 'Registration reminder for your vehicle', 'Unread', '2026-06-08'),
('34', '36', 'Registration', 'Registration reminder for your vehicle', 'Unread', '2026-06-16'),
('35', '6', 'Licence', 'Licence reminder for your vehicle', 'Unread', '2026-06-09'),
('36', '32', 'Service', 'Service reminder for your vehicle', 'Unread', '2026-05-30'),
('37', '45', 'Licence', 'Licence reminder for your vehicle', 'Unread', '2026-06-01'),
('38', '29', 'Service', 'Service reminder for your vehicle', 'Unread', '2026-05-22'),
('39', '6', 'Insurance', 'Insurance reminder for your vehicle', 'Unread', '2026-06-07'),
('40', '26', 'Licence', 'Licence reminder for your vehicle', 'Unread', '2026-05-25')
ON DUPLICATE KEY UPDATE
    user_id = VALUES(user_id),
    notification_type = VALUES(notification_type),
    message = VALUES(message),
    status = VALUES(status),
    date_sent = VALUES(date_sent);

INSERT INTO users (user_id, name, email, role, password_hash)
VALUES
('54', 'Joy Gatiti', 'joy.gatiti@strathmore.edu', 'owner', '$2y$10$5EqeLRIhb0TxWjCOQLVOreYJ4fzqcn2mE6DcLfwz02wVjaGpg.4uS')
ON DUPLICATE KEY UPDATE
    name = VALUES(name),
    email = VALUES(email),
    role = VALUES(role),
    password_hash = VALUES(password_hash);

UPDATE users
SET staff_id = NULL
WHERE user_id = 54;

SET FOREIGN_KEY_CHECKS = 1;
